<?xml version="1.0"?>
<Runs Version="1" Minor="0">
	<Run Id="design_1_processing_system7_0_0_synth_1" LaunchDir="C:/Users/Barne/Documents/HSCOD/vivado_projects/assignment_4_4/assignment_4_4.runs/design_1_processing_system7_0_0_synth_1" FlowId="Vivado_Synthesis" FromStepId="vivado" ToStepId="vivado"/>
	<Run Id="design_1_axi_cdma_0_0_synth_1" LaunchDir="C:/Users/Barne/Documents/HSCOD/vivado_projects/assignment_4_4/assignment_4_4.runs/design_1_axi_cdma_0_0_synth_1" FlowId="Vivado_Synthesis" FromStepId="vivado" ToStepId="vivado"/>
	<Run Id="design_1_rst_ps7_0_100M_0_synth_1" LaunchDir="C:/Users/Barne/Documents/HSCOD/vivado_projects/assignment_4_4/assignment_4_4.runs/design_1_rst_ps7_0_100M_0_synth_1" FlowId="Vivado_Synthesis" FromStepId="vivado" ToStepId="vivado"/>
	<Run Id="design_1_myip_matrix_multipli_0_0_synth_1" LaunchDir="C:/Users/Barne/Documents/HSCOD/vivado_projects/assignment_4_4/assignment_4_4.runs/design_1_myip_matrix_multipli_0_0_synth_1" FlowId="Vivado_Synthesis" FromStepId="vivado" ToStepId="vivado"/>
	<Run Id="design_1_xbar_0_synth_1" LaunchDir="C:/Users/Barne/Documents/HSCOD/vivado_projects/assignment_4_4/assignment_4_4.runs/design_1_xbar_0_synth_1" FlowId="Vivado_Synthesis" FromStepId="vivado" ToStepId="vivado"/>
	<Run Id="design_1_auto_pc_2_synth_1" LaunchDir="C:/Users/Barne/Documents/HSCOD/vivado_projects/assignment_4_4/assignment_4_4.runs/design_1_auto_pc_2_synth_1" FlowId="Vivado_Synthesis" FromStepId="vivado" ToStepId="vivado"/>
	<Run Id="design_1_auto_pc_1_synth_1" LaunchDir="C:/Users/Barne/Documents/HSCOD/vivado_projects/assignment_4_4/assignment_4_4.runs/design_1_auto_pc_1_synth_1" FlowId="Vivado_Synthesis" FromStepId="vivado" ToStepId="vivado"/>
	<Run Id="design_1_auto_ds_0_synth_1" LaunchDir="C:/Users/Barne/Documents/HSCOD/vivado_projects/assignment_4_4/assignment_4_4.runs/design_1_auto_ds_0_synth_1" FlowId="Vivado_Synthesis" FromStepId="vivado" ToStepId="vivado"/>
	<Run Id="design_1_auto_pc_0_synth_1" LaunchDir="C:/Users/Barne/Documents/HSCOD/vivado_projects/assignment_4_4/assignment_4_4.runs/design_1_auto_pc_0_synth_1" FlowId="Vivado_Synthesis" FromStepId="vivado" ToStepId="vivado"/>
	<Run Id="design_1_auto_us_0_synth_1" LaunchDir="C:/Users/Barne/Documents/HSCOD/vivado_projects/assignment_4_4/assignment_4_4.runs/design_1_auto_us_0_synth_1" FlowId="Vivado_Synthesis" FromStepId="vivado" ToStepId="vivado"/>
</Runs>

